type, credit-num, month, year, month-year, ccv, name, address, country, zipcode
VISA,4024007188151053,02,2022,02/2022,193,Xzavier Hansen,781 Natalia Locks,United States,71754-5971
VISA,4916379469594959,04,2022,04/2022,757,Madilyn Lehner,7940 Effie Mountains,United States,54022
VISA,4916205690019633,07,2027,07/2027,427,Moses Renner,19871 Mayert Street,United States,52810
VISA,4172370275989094,12,2026,12/2026,815,Shad Schneider,6184 Norwood Corner,United States,80593-4482
VISA,4485583516989069,01,2026,01/2026,468,Mohammad Reichel,638 Corkery Trace,United States,04386
VISA,4916825385130062,05,2027,05/2027,735,Alexa Buckridge,944 Casper Lakes,United States,66392-6335
VISA,4556003543988327,08,2022,08/2022,587,Madaline Cormier,75890 Norberto Tunnel,United States,74802-0938
VISA,4200593627130317,11,2024,11/2024,998,Selina Aufderhar,38135 Swift Brooks,United States,80472
VISA,4378727214764668,08,2023,08/2023,126,Jaquan Bauch,19253 Heller Manor,United States,96953-3502
VISA,4532774187102990,01,2026,01/2026,659,Dean Daniel,718 Cassin Stravenue,United States,96804-1018
VISA,4539815219315176,05,2027,05/2027,892,Berneice Kohler,1479 Adolf Flats,United States,67132-2626
VISA,4024007190440338,04,2022,04/2022,506,Domenick Bernhard,6812 Walter Fords,United States,73367-6564
VISA,4716994142017194,06,2026,06/2026,303,Jovanny Thiel,498 Mario Neck,United States,56585-3546
VISA,4669459480583162,10,2027,10/2027,239,Winifred Aufderhar,5463 Jayne Course,United States,35625-8763
VISA,4556786621690001,10,2026,10/2026,311,Gardner Stanton,7629 Beer Circle,United States,37144
VISA,4024007166349646,01,2027,01/2027,234,Adele O'Keefe,0718 Elvera Shore,United States,54374
VISA,4024007148067043,02,2024,02/2024,896,Pasquale Wiegand,147 Gonzalo Port,United States,29567
VISA,4556535307477716,03,2026,03/2026,241,Rowland Larkin,362 Vickie Views,United States,02775-9203
VISA,4716059022348869,08,2022,08/2022,309,Cecilia Volkman,6535 Upton Springs,United States,18190
VISA,4916377770589437,06,2026,06/2026,587,River Gorczany,32654 Beatty Pine,United States,01633
VISA,4485364778910782,07,2027,07/2027,230,Violette Funk,9578 Schmidt Gardens,United States,66117
VISA,4556630497463145,02,2025,02/2025,282,Fredrick Blick,939 Donnie Ports,United States,87610-1666
VISA,4970250329410046,03,2027,03/2027,725,Olen Kub,4611 Mohr Island,United States,54373-9151
VISA,4716280081081346,11,2026,11/2026,565,Rhoda Christiansen,3986 Lowe Squares,United States,11185-8375
VISA,4716144247945325,12,2027,12/2027,194,Jevon Flatley,2578 Maurine Cliff,United States,73668-0206
VISA,4532453748542008,02,2027,02/2027,153,Adrienne Wisoky,81924 Connelly Passage,United States,12618
VISA,4539729814051773,05,2025,05/2025,280,Sam O'Hara,9537 Berge Terrace,United States,73330
VISA,4556215983067269,02,2026,02/2026,932,Louie Hudson,485 Jenkins Ports,United States,05536-6260
VISA,4419560221744592,05,2026,05/2026,483,Hermann Padberg,1662 Dino Junctions,United States,68937
VISA,4485451350857711,04,2025,04/2025,860,Meagan Watsica,84745 Ferry Harbors,United States,12040-4393
VISA,4539481453120879,06,2027,06/2027,897,Herminia Mante,5396 Bradtke Parkway,United States,35325
VISA,4120542059463404,05,2023,05/2023,735,Mazie Kuhn,347 Nitzsche Parkways,United States,33050
VISA,4024007152596325,04,2023,04/2023,882,Adella Kohler,11063 Lupe Flat,United States,33390
VISA,4194861170490265,06,2025,06/2025,867,Dante Altenwerth,1814 Madisen Mountains,United States,76278
VISA,4716285540350307,03,2022,03/2022,823,Hayley Spinka,0006 Spencer Dam,United States,55054
VISA,4532143394124421,04,2023,04/2023,119,Marquise Wyman,414 Juanita Greens,United States,98174-9090
VISA,4485455782892766,05,2022,05/2022,339,Rossie Blanda,4604 Lueilwitz Summit,United States,00046-6186
VISA,4539573403847963,02,2022,02/2022,362,Sanford Rempel,9820 Bernie Parkway,United States,14264
VISA,4485919018322880,02,2022,02/2022,338,Creola Kuvalis,0284 Richard Keys,United States,09413
VISA,4539613103304368,07,2027,07/2027,132,Karine Schiller,93682 Rutherford Plains,United States,88516-6922
VISA,4556051365981300,02,2025,02/2025,479,Tracey Hammes,998 Veum Forks,United States,80208-3806
VISA,4929544614477443,10,2026,10/2026,984,Scotty Ullrich,8657 Melvin Club,United States,15425-1536
VISA,4716490485700843,08,2023,08/2023,990,Katelyn Swift,75284 Chaz Gardens,United States,29867
VISA,4485783875514140,01,2024,01/2024,239,Yoshiko Dach,663 Johns Point,United States,00094-4996
VISA,4539817052993499,01,2023,01/2023,815,Marjolaine Baumbach,3071 Zander Parkways,United States,60396
VISA,4539312423094284,06,2027,06/2027,230,Eusebio Sawayn,37254 Stanton Plain,United States,48183-4066
VISA,4024007134235935,03,2022,03/2022,721,Dawson Lang,89937 Naomie Street,United States,29488-1199
VISA,4024007154072192,12,2027,12/2027,858,Jakob Kessler,74257 Alana Stream,United States,37975
VISA,4485283058591866,01,2024,01/2024,379,Selmer Shields,46770 Mohamed Fork,United States,18157-5960
VISA,4716983037238890,03,2026,03/2026,708,Alexanne Walker,0926 Makayla Tunnel,United States,48744
